--
-- PostgreSQL database dump
--

-- Dumped from database version 14.11 (Ubuntu 14.11-0ubuntu0.22.04.1)
-- Dumped by pg_dump version 14.11 (Ubuntu 14.11-0ubuntu0.22.04.1)

SET statement_timeout = 0;
SET lock_timeout = 0;
SET idle_in_transaction_session_timeout = 0;
SET client_encoding = 'UTF8';
SET standard_conforming_strings = on;
SELECT pg_catalog.set_config('search_path', '', false);
SET check_function_bodies = false;
SET xmloption = content;
SET client_min_messages = warning;
SET row_security = off;

SET default_tablespace = '';

SET default_table_access_method = heap;

--
-- Name: auth_group; Type: TABLE; Schema: public; Owner: spinsafelyuser
--

CREATE TABLE public.auth_group (
    id integer NOT NULL,
    name character varying(150) NOT NULL
);


ALTER TABLE public.auth_group OWNER TO spinsafelyuser;

--
-- Name: auth_group_id_seq; Type: SEQUENCE; Schema: public; Owner: spinsafelyuser
--

ALTER TABLE public.auth_group ALTER COLUMN id ADD GENERATED BY DEFAULT AS IDENTITY (
    SEQUENCE NAME public.auth_group_id_seq
    START WITH 1
    INCREMENT BY 1
    NO MINVALUE
    NO MAXVALUE
    CACHE 1
);


--
-- Name: auth_group_permissions; Type: TABLE; Schema: public; Owner: spinsafelyuser
--

CREATE TABLE public.auth_group_permissions (
    id bigint NOT NULL,
    group_id integer NOT NULL,
    permission_id integer NOT NULL
);


ALTER TABLE public.auth_group_permissions OWNER TO spinsafelyuser;

--
-- Name: auth_group_permissions_id_seq; Type: SEQUENCE; Schema: public; Owner: spinsafelyuser
--

ALTER TABLE public.auth_group_permissions ALTER COLUMN id ADD GENERATED BY DEFAULT AS IDENTITY (
    SEQUENCE NAME public.auth_group_permissions_id_seq
    START WITH 1
    INCREMENT BY 1
    NO MINVALUE
    NO MAXVALUE
    CACHE 1
);


--
-- Name: auth_permission; Type: TABLE; Schema: public; Owner: spinsafelyuser
--

CREATE TABLE public.auth_permission (
    id integer NOT NULL,
    name character varying(255) NOT NULL,
    content_type_id integer NOT NULL,
    codename character varying(100) NOT NULL
);


ALTER TABLE public.auth_permission OWNER TO spinsafelyuser;

--
-- Name: auth_permission_id_seq; Type: SEQUENCE; Schema: public; Owner: spinsafelyuser
--

ALTER TABLE public.auth_permission ALTER COLUMN id ADD GENERATED BY DEFAULT AS IDENTITY (
    SEQUENCE NAME public.auth_permission_id_seq
    START WITH 1
    INCREMENT BY 1
    NO MINVALUE
    NO MAXVALUE
    CACHE 1
);


--
-- Name: auth_user; Type: TABLE; Schema: public; Owner: spinsafelyuser
--

CREATE TABLE public.auth_user (
    id integer NOT NULL,
    password character varying(128) NOT NULL,
    last_login timestamp with time zone,
    is_superuser boolean NOT NULL,
    username character varying(150) NOT NULL,
    first_name character varying(150) NOT NULL,
    last_name character varying(150) NOT NULL,
    email character varying(254) NOT NULL,
    is_staff boolean NOT NULL,
    is_active boolean NOT NULL,
    date_joined timestamp with time zone NOT NULL
);


ALTER TABLE public.auth_user OWNER TO spinsafelyuser;

--
-- Name: auth_user_groups; Type: TABLE; Schema: public; Owner: spinsafelyuser
--

CREATE TABLE public.auth_user_groups (
    id bigint NOT NULL,
    user_id integer NOT NULL,
    group_id integer NOT NULL
);


ALTER TABLE public.auth_user_groups OWNER TO spinsafelyuser;

--
-- Name: auth_user_groups_id_seq; Type: SEQUENCE; Schema: public; Owner: spinsafelyuser
--

ALTER TABLE public.auth_user_groups ALTER COLUMN id ADD GENERATED BY DEFAULT AS IDENTITY (
    SEQUENCE NAME public.auth_user_groups_id_seq
    START WITH 1
    INCREMENT BY 1
    NO MINVALUE
    NO MAXVALUE
    CACHE 1
);


--
-- Name: auth_user_id_seq; Type: SEQUENCE; Schema: public; Owner: spinsafelyuser
--

ALTER TABLE public.auth_user ALTER COLUMN id ADD GENERATED BY DEFAULT AS IDENTITY (
    SEQUENCE NAME public.auth_user_id_seq
    START WITH 1
    INCREMENT BY 1
    NO MINVALUE
    NO MAXVALUE
    CACHE 1
);


--
-- Name: auth_user_user_permissions; Type: TABLE; Schema: public; Owner: spinsafelyuser
--

CREATE TABLE public.auth_user_user_permissions (
    id bigint NOT NULL,
    user_id integer NOT NULL,
    permission_id integer NOT NULL
);


ALTER TABLE public.auth_user_user_permissions OWNER TO spinsafelyuser;

--
-- Name: auth_user_user_permissions_id_seq; Type: SEQUENCE; Schema: public; Owner: spinsafelyuser
--

ALTER TABLE public.auth_user_user_permissions ALTER COLUMN id ADD GENERATED BY DEFAULT AS IDENTITY (
    SEQUENCE NAME public.auth_user_user_permissions_id_seq
    START WITH 1
    INCREMENT BY 1
    NO MINVALUE
    NO MAXVALUE
    CACHE 1
);


--
-- Name: casinoaffiliate_app_adminreview; Type: TABLE; Schema: public; Owner: spinsafelyuser
--

CREATE TABLE public.casinoaffiliate_app_adminreview (
    id bigint NOT NULL,
    description text,
    guarantee_support boolean NOT NULL,
    point double precision NOT NULL,
    casino_id bigint NOT NULL
);


ALTER TABLE public.casinoaffiliate_app_adminreview OWNER TO spinsafelyuser;

--
-- Name: casinoaffiliate_app_adminreview_id_seq; Type: SEQUENCE; Schema: public; Owner: spinsafelyuser
--

ALTER TABLE public.casinoaffiliate_app_adminreview ALTER COLUMN id ADD GENERATED BY DEFAULT AS IDENTITY (
    SEQUENCE NAME public.casinoaffiliate_app_adminreview_id_seq
    START WITH 1
    INCREMENT BY 1
    NO MINVALUE
    NO MAXVALUE
    CACHE 1
);


--
-- Name: casinoaffiliate_app_bonus; Type: TABLE; Schema: public; Owner: spinsafelyuser
--

CREATE TABLE public.casinoaffiliate_app_bonus (
    id bigint NOT NULL,
    title character varying(200) NOT NULL,
    description text,
    casino_id bigint NOT NULL,
    promo_code character varying(50)
);


ALTER TABLE public.casinoaffiliate_app_bonus OWNER TO spinsafelyuser;

--
-- Name: casinoaffiliate_app_bonus_id_seq; Type: SEQUENCE; Schema: public; Owner: spinsafelyuser
--

ALTER TABLE public.casinoaffiliate_app_bonus ALTER COLUMN id ADD GENERATED BY DEFAULT AS IDENTITY (
    SEQUENCE NAME public.casinoaffiliate_app_bonus_id_seq
    START WITH 1
    INCREMENT BY 1
    NO MINVALUE
    NO MAXVALUE
    CACHE 1
);


--
-- Name: casinoaffiliate_app_casino; Type: TABLE; Schema: public; Owner: spinsafelyuser
--

CREATE TABLE public.casinoaffiliate_app_casino (
    id bigint NOT NULL,
    name character varying(200) NOT NULL,
    description text NOT NULL,
    img character varying(100) NOT NULL,
    url character varying(200) NOT NULL,
    slug character varying(50) NOT NULL,
    small_description text,
    cons text,
    pros text,
    bonusses double precision,
    payment_speed double precision,
    playable double precision,
    reliable double precision,
    support double precision
);


ALTER TABLE public.casinoaffiliate_app_casino OWNER TO spinsafelyuser;

--
-- Name: casinoaffiliate_app_casino_id_seq; Type: SEQUENCE; Schema: public; Owner: spinsafelyuser
--

ALTER TABLE public.casinoaffiliate_app_casino ALTER COLUMN id ADD GENERATED BY DEFAULT AS IDENTITY (
    SEQUENCE NAME public.casinoaffiliate_app_casino_id_seq
    START WITH 1
    INCREMENT BY 1
    NO MINVALUE
    NO MAXVALUE
    CACHE 1
);


--
-- Name: django_admin_log; Type: TABLE; Schema: public; Owner: spinsafelyuser
--

CREATE TABLE public.django_admin_log (
    id integer NOT NULL,
    action_time timestamp with time zone NOT NULL,
    object_id text,
    object_repr character varying(200) NOT NULL,
    action_flag smallint NOT NULL,
    change_message text NOT NULL,
    content_type_id integer,
    user_id integer NOT NULL,
    CONSTRAINT django_admin_log_action_flag_check CHECK ((action_flag >= 0))
);


ALTER TABLE public.django_admin_log OWNER TO spinsafelyuser;

--
-- Name: django_admin_log_id_seq; Type: SEQUENCE; Schema: public; Owner: spinsafelyuser
--

ALTER TABLE public.django_admin_log ALTER COLUMN id ADD GENERATED BY DEFAULT AS IDENTITY (
    SEQUENCE NAME public.django_admin_log_id_seq
    START WITH 1
    INCREMENT BY 1
    NO MINVALUE
    NO MAXVALUE
    CACHE 1
);


--
-- Name: django_content_type; Type: TABLE; Schema: public; Owner: spinsafelyuser
--

CREATE TABLE public.django_content_type (
    id integer NOT NULL,
    app_label character varying(100) NOT NULL,
    model character varying(100) NOT NULL
);


ALTER TABLE public.django_content_type OWNER TO spinsafelyuser;

--
-- Name: django_content_type_id_seq; Type: SEQUENCE; Schema: public; Owner: spinsafelyuser
--

ALTER TABLE public.django_content_type ALTER COLUMN id ADD GENERATED BY DEFAULT AS IDENTITY (
    SEQUENCE NAME public.django_content_type_id_seq
    START WITH 1
    INCREMENT BY 1
    NO MINVALUE
    NO MAXVALUE
    CACHE 1
);


--
-- Name: django_migrations; Type: TABLE; Schema: public; Owner: spinsafelyuser
--

CREATE TABLE public.django_migrations (
    id bigint NOT NULL,
    app character varying(255) NOT NULL,
    name character varying(255) NOT NULL,
    applied timestamp with time zone NOT NULL
);


ALTER TABLE public.django_migrations OWNER TO spinsafelyuser;

--
-- Name: django_migrations_id_seq; Type: SEQUENCE; Schema: public; Owner: spinsafelyuser
--

ALTER TABLE public.django_migrations ALTER COLUMN id ADD GENERATED BY DEFAULT AS IDENTITY (
    SEQUENCE NAME public.django_migrations_id_seq
    START WITH 1
    INCREMENT BY 1
    NO MINVALUE
    NO MAXVALUE
    CACHE 1
);


--
-- Name: django_session; Type: TABLE; Schema: public; Owner: spinsafelyuser
--

CREATE TABLE public.django_session (
    session_key character varying(40) NOT NULL,
    session_data text NOT NULL,
    expire_date timestamp with time zone NOT NULL
);


ALTER TABLE public.django_session OWNER TO spinsafelyuser;

--
-- Data for Name: auth_group; Type: TABLE DATA; Schema: public; Owner: spinsafelyuser
--

COPY public.auth_group (id, name) FROM stdin;
\.


--
-- Data for Name: auth_group_permissions; Type: TABLE DATA; Schema: public; Owner: spinsafelyuser
--

COPY public.auth_group_permissions (id, group_id, permission_id) FROM stdin;
\.


--
-- Data for Name: auth_permission; Type: TABLE DATA; Schema: public; Owner: spinsafelyuser
--

COPY public.auth_permission (id, name, content_type_id, codename) FROM stdin;
1	Can add log entry	1	add_logentry
2	Can change log entry	1	change_logentry
3	Can delete log entry	1	delete_logentry
4	Can view log entry	1	view_logentry
5	Can add permission	2	add_permission
6	Can change permission	2	change_permission
7	Can delete permission	2	delete_permission
8	Can view permission	2	view_permission
9	Can add group	3	add_group
10	Can change group	3	change_group
11	Can delete group	3	delete_group
12	Can view group	3	view_group
13	Can add user	4	add_user
14	Can change user	4	change_user
15	Can delete user	4	delete_user
16	Can view user	4	view_user
17	Can add content type	5	add_contenttype
18	Can change content type	5	change_contenttype
19	Can delete content type	5	delete_contenttype
20	Can view content type	5	view_contenttype
21	Can add session	6	add_session
22	Can change session	6	change_session
23	Can delete session	6	delete_session
24	Can view session	6	view_session
25	Can add casino	7	add_casino
26	Can change casino	7	change_casino
27	Can delete casino	7	delete_casino
28	Can view casino	7	view_casino
29	Can add bonus	8	add_bonus
30	Can change bonus	8	change_bonus
31	Can delete bonus	8	delete_bonus
32	Can view bonus	8	view_bonus
33	Can add admin review	9	add_adminreview
34	Can change admin review	9	change_adminreview
35	Can delete admin review	9	delete_adminreview
36	Can view admin review	9	view_adminreview
\.


--
-- Data for Name: auth_user; Type: TABLE DATA; Schema: public; Owner: spinsafelyuser
--

COPY public.auth_user (id, password, last_login, is_superuser, username, first_name, last_name, email, is_staff, is_active, date_joined) FROM stdin;
1	pbkdf2_sha256$720000$x1aqiLdeLiOCB9HCQZfgeB$mRpcxMnAJeDTjM4ANYCHzNmaIVGeyYOn2ShRlG8a/qU=	2024-05-03 13:49:07.100624+00	t	boc				t	t	2024-05-02 17:38:53.601877+00
3	pbkdf2_sha256$720000$ZDbB6yX1fyTs2wYWV9Y2so$lLe5MnzWQ//KwAEA9Skq5HG+I0yqhO6T/hTDRrdES4k=	2024-05-06 14:46:34.339445+00	t	alihan				t	t	2024-05-03 15:07:36.281304+00
2	pbkdf2_sha256$720000$f0JZYkmXy0osWUzSwhqAbp$8D6JZkeq3WL2/ZnWHcngpkBGY19VqEQOvDOWjmY3oSk=	2024-05-06 14:55:52.216191+00	f	alperdagdeviren@gmail.com				f	t	2024-05-03 14:41:10.198772+00
\.


--
-- Data for Name: auth_user_groups; Type: TABLE DATA; Schema: public; Owner: spinsafelyuser
--

COPY public.auth_user_groups (id, user_id, group_id) FROM stdin;
\.


--
-- Data for Name: auth_user_user_permissions; Type: TABLE DATA; Schema: public; Owner: spinsafelyuser
--

COPY public.auth_user_user_permissions (id, user_id, permission_id) FROM stdin;
\.


--
-- Data for Name: casinoaffiliate_app_adminreview; Type: TABLE DATA; Schema: public; Owner: spinsafelyuser
--

COPY public.casinoaffiliate_app_adminreview (id, description, guarantee_support, point, casino_id) FROM stdin;
1		t	4.97	4
2		t	4.99	2
3		t	4.93	9
4		t	4.9	8
5		t	4.93	7
6		t	4.96	6
7		t	4.98	5
8		t	4.99	3
9		t	4.95	1
\.


--
-- Data for Name: casinoaffiliate_app_bonus; Type: TABLE DATA; Schema: public; Owner: spinsafelyuser
--

COPY public.casinoaffiliate_app_bonus (id, title, description, casino_id, promo_code) FROM stdin;
4	%10 Haftalık Kayıp Bonusu ve %20 Discount		8	-
2	%300 Hoş Geldin Bonusu		2	-
1	%200 Hoş Geldin Bonusu		4	-
3	%100 Hoş Geldin Bonusu ve %20 Discount		9	-
5	+100 Deneme FreeSpin		7	-
6	%100 Deneme Bonusu		6	-
7	%20 Kayıp Bonusu		5	-
9	İlk Yatırıma Çevrimsiz %50 Bonus		1	-
8	İlk Yatırıma Çevrimsiz %30 Bonus		3	-
\.


--
-- Data for Name: casinoaffiliate_app_casino; Type: TABLE DATA; Schema: public; Owner: spinsafelyuser
--

COPY public.casinoaffiliate_app_casino (id, name, description, img, url, slug, small_description, cons, pros, bonusses, payment_speed, playable, reliable, support) FROM stdin;
6	PeraBet	<p><strong>Spor Bahisleri:</strong> Perabet, geniş bir spor bahisleri se&ccedil;eneği sunar. Futbol, basketbol, tenis, voleybol gibi pop&uuml;ler spor dallarının yanı sıra e-spor, hentbol ve beyzbol gibi daha az bilinen sporlara da bahis yapma imkanı sağlar. Ayrıca, canlı bahis se&ccedil;enekleri de mevcuttur, b&ouml;ylece ma&ccedil;lar devam ederken bahis yapabilirsiniz.</p>\r\n\r\n<p><strong>Casino Oyunları:</strong> Platform, kapsamlı bir casino oyun portf&ouml;y&uuml; sunar. Slot makineleri, blackjack, rulet, poker ve diğer pop&uuml;ler kumar oyunlarını i&ccedil;erir. Ayrıca, canlı krupiyeli oyunlarla ger&ccedil;ek bir kumarhane deneyimi yaşayabilirsiniz. Y&uuml;ksek kaliteli grafikler ve kesintisiz oyun deneyimi sunar.</p>\r\n\r\n<p><strong>M&uuml;şteri Desteği:</strong> Platform, etkili bir m&uuml;şteri destek ekibi sunar. Kullanıcılar, herhangi bir sorunlarını &ccedil;&ouml;zmek veya bilgi almak i&ccedil;in 7/24 canlı destek hizmetinden yararlanabilirler.&nbsp;</p>\r\n\r\n<p><strong>Lisans ve D&uuml;zenleme:</strong> Perabet, lisanslı ve d&uuml;zenlenmiş bir kumar platformudur. .</p>\r\n\r\n<p><strong>&Ouml;deme Se&ccedil;enekleri:</strong> Perabet, bir &ccedil;ok &ouml;deme y&ouml;ntemini destekler. Kullanıcılar, :Kripto para,kredi kartları, banka havalesi, e-c&uuml;zdanlar ve diğer y&ouml;ntemlerle kolayca para yatırıp &ccedil;ekebilirler.</p>\r\n\r\n<p><strong>Bonuslar ve Promosyonlar:</strong> Perabet, &ccedil;eşitli bonuslar ve promosyonlar sunar. Yeni &uuml;yelere hoş geldin bonusları, yatırım bonusları gibi &ccedil;eşitli teşviklerle kullanıcıları &ouml;d&uuml;llendirir.</p>	5_jLWCYoY.png	https://go.aff.pernet3.com/3nviac8q	perabet				4.95	4.95	4.95	4.95	4.95
8	PokerKlas	<p><strong>Spor Bahisleri:</strong>&nbsp;PokerKlas, t&uuml;m sitelerden daha iyi ve &ccedil;eşitli spor bahisleri se&ccedil;eneği sunar. Futbol, basketbol, tenis, voleybol gibi pop&uuml;ler spor dallarının yanı sıra e-spor, hentbol ve beyzbol gibi daha nadir , &ccedil;ok kazandıran bilinen sporlara da bahis yapma imkanı sağlar. Ayrıca, canlı bahis se&ccedil;enekleri de mevcuttur, b&ouml;ylece ma&ccedil;lar devam ederken de bahis yapabilirsiniz.</p>\r\n\r\n<p><strong>Casino Oyunları:</strong> PokerKlas Platformu, tam kapsamlı bir den fazla casino oyun portf&ouml;y&uuml; sunar. Slot makineleri, blackjack, rulet, poker ve diğer m&uuml;kemmel ve pop&uuml;ler kumar oyunlarını i&ccedil;erir ve t&uuml;m imkanları sunar . Ayrıca, canlı krupiyeli oyunlarla da ger&ccedil;ek bir kumarhane deneyimi yaşayabilirsiniz. kazancınızı iki katına &ccedil;ıkartabilirsiniz Y&uuml;ksek kaliteli grafikler, akıcı ve kesintisiz oyun deneyimi sunar.</p>\r\n\r\n<p><strong>M&uuml;şteri Desteği:</strong> PokerKlas Platformu , etkili ve hızlı bir m&uuml;şteri destek ekibi sunar. Kullanıcılar, herhangi bir sorunlarını &ccedil;&ouml;zmek ya da bilgi almak i&ccedil;in 7/24 anlık canlı destek hizmetinden kesintisiz yararlanabilirler.&nbsp;</p>\r\n\r\n<p><strong>Lisans ve D&uuml;zenleme:</strong>&nbsp;PokerKlas lisanslı ve d&uuml;zenlenmiş bir kumar platformudur. .</p>\r\n\r\n<p><strong>&Ouml;deme Y&ouml;ntemleri:</strong>&nbsp;PokerKlas, bir &ccedil;ok &ouml;deme y&ouml;ntemini destekler. Kullanıcılar, :Kripto para,kredi kartları, banka havalesi, e-c&uuml;zdanlar,&nbsp; diğer kendine has bir şekilde hemen ve kolay y&ouml;ntemlerle para yatırıp &ccedil;ekebilirler.</p>\r\n\r\n<p><strong>Bonuslar ve Promosyonlar:</strong>&nbsp;PokerKlas, &ccedil;eşitli bonuslar ve promosyonlar sunar. Yeni &uuml;yelere hoş geldin bonusları, yatırım bonusları gibi &ccedil;eşitli teşviklerle kullanıcıları &ouml;d&uuml;llendirir her zaman oyuncularının kazanmasını kolay hale getiricek sistemleriyle sizlerin kazanmasını sağlar.</p>	1_uLPATJI.png	http://commissionwall8.com/e/r?p=a20298_gen	pokerklas				4.95	4.95	4.95	4.95	4.95
9	TruvaBet	<p><strong>Spor Bahisleri:</strong>&nbsp;TruvaBet, bir &ccedil;ok spor bahisleri se&ccedil;eneği sunar. Futbol, basketbol, tenis, voleybol gibi pop&uuml;ler spor dallarının yanı sıra e-spor, hentbol ve beyzbol gibi daha nadir , &ccedil;ok kazandıran bilinen sporlara da bahis yapma imkanı sağlar. Ayrıca, canlı bahis se&ccedil;enekleri de mevcuttur, b&ouml;ylece ma&ccedil;lar devam ederken de bahis yapabilirsiniz.</p>\r\n\r\n<p><strong>Casino Oyunları:</strong> TruvaBet Platformu, tam kapsamlı bir den fazla casino oyun portf&ouml;y&uuml; sunar. Slot makineleri, blackjack, rulet, poker ve diğer m&uuml;kemmel ve pop&uuml;ler kumar oyunlarını i&ccedil;erir ve t&uuml;m imkanları sunar . Ayrıca, canlı krupiyeli oyunlarla da ger&ccedil;ek bir kumarhane deneyimi yaşayabilirsiniz. kazancınızı iki katına &ccedil;ıkartabilirsiniz Y&uuml;ksek kaliteli grafikler, akıcı ve kesintisiz oyun deneyimi sunar.</p>\r\n\r\n<p><strong>M&uuml;şteri Desteği:</strong> TruvaBet Platformu , etkili ve hızlı bir m&uuml;şteri destek ekibi sunar. Kullanıcılar, herhangi bir sorunlarını &ccedil;&ouml;zmek ya da bilgi almak i&ccedil;in 7/24 anlık canlı destek hizmetinden kesintisiz yararlanabilirler.&nbsp;</p>\r\n\r\n<p><strong>Lisans ve D&uuml;zenleme:</strong>&nbsp;TruvaBet lisanslı ve d&uuml;zenlenmiş bir kumar platformudur. .</p>\r\n\r\n<p><strong>&Ouml;deme Y&ouml;ntemleri:</strong>&nbsp;TruvaBet, bir &ccedil;ok &ouml;deme y&ouml;ntemini destekler. Kullanıcılar, :Kripto para,kredi kartları, banka havalesi, e-c&uuml;zdanlar,&nbsp; diğer kendine has bir şekilde hemen ve kolay y&ouml;ntemlerle para yatırıp &ccedil;ekebilirler.</p>\r\n\r\n<p><strong>Bonuslar ve Promosyonlar:</strong>&nbsp;TruvaBet, &ccedil;eşitli bonuslar ve promosyonlar sunar. Yeni &uuml;yelere hoş geldin bonusları, yatırım bonusları gibi &ccedil;eşitli teşviklerle kullanıcıları &ouml;d&uuml;llendirir her zaman oyuncularının kazanmasını kolay hale getiricek sistemleriyle sizlerin kazanmasını sağlar.</p>	kkk.png	https://movetru11.com/66u62r45	truvabet				4.95	4.95	4.95	4.95	4.95
1	ArtemisBet	<p>Artemisbet, &ccedil;evrimi&ccedil;i kumar end&uuml;strisindeki pop&uuml;ler ve k&ouml;kl&uuml; isimlerden biridir. Oyun &ccedil;eşitliliği, g&uuml;venilirlik ve kullanıcı dostu aray&uuml;z&uuml; ile dikkat &ccedil;eken bu platform, kumar tutkunları i&ccedil;in geniş bir oyun yelpazesi sunmaktadır.</p>\r\n\r\n<p><strong>Spor Bahisleri:</strong>&nbsp;ArtemisBet&nbsp; bir &ccedil;ok spor bahisleri se&ccedil;eneği sunar. Futbol, basketbol, tenis, voleybol gibi pop&uuml;ler spor dallarının yanı sıra e-spor, hentbol ve beyzbol gibi daha nadir , &ccedil;ok kazandıran bilinen sporlara da bahis yapma imkanı sağlar. Ayrıca, canlı bahis se&ccedil;enekleri de mevcuttur, b&ouml;ylece ma&ccedil;lar devam ederken de bahis yapabilirsiniz.</p>\r\n\r\n<p><strong>Oyun &Ccedil;eşitliliği:</strong> Artemisbet, &ccedil;eşitli oyun se&ccedil;enekleriyle dikkat &ccedil;ekmektedir. Slot makineleri, blackjack, rulet, poker ve daha bir&ccedil;ok pop&uuml;ler kumar oyununu i&ccedil;eren geniş bir portf&ouml;ye sahiptir. Ayrıca, canlı krupiyeli oyunlar da sunarak ger&ccedil;ek bir kumarhane deneyimi yaşatmaktadır.</p>\r\n\r\n<p>&nbsp;</p>\r\n\r\n<p><strong>G&uuml;venlik:</strong> Artemisbet, kullanıcı bilgilerini ve finansal işlemleri korumak i&ccedil;in end&uuml;stri standardı g&uuml;venlik &ouml;nlemlerini benimsemektedir. G&uuml;&ccedil;l&uuml; şifreleme teknolojileri ve diğer g&uuml;venlik protokolleri, kullanıcıların bilgilerinin g&uuml;venliğini sağlamaktadır.</p>\r\n\r\n<p>&nbsp;</p>\r\n\r\n<p><strong>Lisans ve D&uuml;zenleme:</strong>&nbsp;ArtemisBet Platform, uluslararası bir oyun lisansına sahiptir ve d&uuml;zenleyici kurumlar tarafından d&uuml;zenli olarak denetlenmektedir. Bu, kullanıcıların adil ve g&uuml;venilir bir oyun ortamında kumar oynamalarını sağlar.</p>\r\n\r\n<p>&nbsp;</p>\r\n\r\n<p><strong>&Ouml;deme Se&ccedil;enekleri:</strong> Artemisbet, kullanıcıların rahat&ccedil;a para yatırıp &ccedil;ekebilmeleri i&ccedil;in &ccedil;eşitli &ouml;deme se&ccedil;eneklerini desteklemektedir. Kredi kartları, banka havalesi, e-c&uuml;zdanlar ve &ouml;n &ouml;demeli kartlar gibi yaygın y&ouml;ntemlerle işlem yapılabilir.</p>\r\n\r\n<p>&nbsp;</p>\r\n\r\n<p><strong>M&uuml;şteri Desteği:</strong>&nbsp;ArtemisBet Platform, kullanıcıların herhangi bir sorunlarını &ccedil;&ouml;zmelerine yardımcı olmak i&ccedil;in profesyonel bir m&uuml;şteri desteği sunmaktadır. Canlı sohbet, e-posta ve telefon gibi &ccedil;eşitli iletişim kanalları aracılığıyla hızlı ve etkili destek sağlanmaktadır.</p>\r\n\r\n<p>&nbsp;</p>\r\n\r\n<p><strong>Bonuslar ve Promosyonlar:</strong> Artemisbet, kullanıcılarına &ccedil;eşitli bonuslar ve promosyonlar sunarak onları &ouml;d&uuml;llendirmektedir. Hoş geldin bonusları, para yatırma bonusları, &uuml;cretsiz d&ouml;n&uuml;şler ve sadakat programları gibi &ccedil;eşitli teşvikler bulunmaktadır. Ancak, bonusların ve promosyonların şartlarını dikkatlice incelemek &ouml;nemlidir.</p>\r\n\r\n<p>&nbsp;</p>\r\n\r\n<p>Genel olarak, Artemisbet, kumar tutkunları i&ccedil;in g&uuml;venilir ve eğlenceli bir oyun deneyimi sunan &ouml;nde gelen &ccedil;evrimi&ccedil;i kumar sitelerinden biridir. Kaliteli oyunlar, g&uuml;venli &ouml;deme se&ccedil;enekleri ve etkili m&uuml;şteri desteği ile kullanıcıların beklentilerini karşılamaktadır. Ancak, her kumar platformunda olduğu gibi, kullanıcıların sorumlu kumar prensiplerini benimsemeleri &ouml;nemlidir.</p>	artemisbret.png	https://www.692artemisbet.com?btag=77773299	artemis		Ödeme Süreleri Uzun\r\nBonusları Az	Yüksek Güvenlik\r\nOyun Çeşitliliği\r\nÖdeme Çeşitliliği\r\n7/24 Müşteri Desteği	3.5	2.5	4	4.01	5
2	BetGram	<p>Betgram, &ccedil;evrimi&ccedil;i kumar tutkunlarının tercih ettiği g&uuml;venilir ve eğlenceli bir platformdur. Geniş oyun se&ccedil;enekleri, g&uuml;venli &ouml;deme sistemleri ve etkili m&uuml;şteri desteği ile dikkat &ccedil;eken bu site, kumarhane deneyimini evinize getiriyor.</p>\r\n\r\n<p><strong>Oyun &Ccedil;eşitliliği:</strong>&nbsp;BetGram SweetBonanza,Gates of Olympus,Sugar Rush gibi pop&uuml;er oyunların yanı sıra kendine &ouml;zel slot oyunlarını da barındıran aynı zamanda ger&ccedil;ek kurpiyerlerle casino deneyimini arşa &ccedil;ıkaracak oyunlar ve son olarak da her spor dalına bahis imkanı ile bu konuda &ccedil;ok &ccedil;eşitli bir deneyim sunar.</p>\r\n\r\n<p><strong>G&uuml;venlik:</strong> Betgram, kullanıcıların g&uuml;venliğini en &uuml;st d&uuml;zeyde tutar. G&uuml;&ccedil;l&uuml; şifreleme teknolojileri ve diğer g&uuml;venlik &ouml;nlemleri ile kullanıcı verileri korunur ve adil oyun uygulamaları sağlanır.</p>\r\n\r\n<p><strong>Lisans ve D&uuml;zenleme:&nbsp;</strong>BetGram<strong>&nbsp;</strong>Platform, uluslararası bir oyun lisansına sahiptir ve d&uuml;zenleyici kurumlar tarafından denetlenmektedir. Bu, kullanıcıların g&uuml;venle ve adil bir ortamda kumar oynamalarını sağlar.</p>\r\n\r\n<p><strong>&Ouml;deme Se&ccedil;enekleri:</strong> Betgram, &ccedil;eşitli &ouml;deme se&ccedil;eneklerini destekleyerek kullanıcıların kolayca para yatırıp &ccedil;ekebilmesini sağlar. Kredi kartları, banka havalesi, e-c&uuml;zdanlar ve &ouml;n &ouml;demeli kartlar gibi pop&uuml;ler y&ouml;ntemlerle işlem yapılabilir.</p>\r\n\r\n<p><strong>M&uuml;şteri Desteği:</strong> Betgram, kullanıcıların herhangi bir sorunlarını &ccedil;&ouml;zmelerine yardımcı olmak i&ccedil;in etkili bir m&uuml;şteri desteği sunar. Canlı destek, e-posta ve telefon gibi &ccedil;eşitli iletişim kanalları aracılığıyla hızlı ve profesyonel destek sağlanır.</p>\r\n\r\n<p><strong>Bonuslar ve Promosyonlar:</strong> Betgram, kullanıcılarına &ccedil;eşitli bonuslar ve promosyonlar sunarak onları &ouml;d&uuml;llendirir. Hoş geldin bonusları, yatırım bonusları, &uuml;cretsiz d&ouml;n&uuml;şler ve sadakat programları gibi &ccedil;eşitli teşvikler bulunmaktadır. Ancak, bonusların ve promosyonların şartlarını dikkatlice incelemek &ouml;nemlidir.</p>\r\n\r\n<p><strong>Spor Bahisleri:</strong>&nbsp;BetGram, t&uuml;m sitelerden daha iyi ve &ccedil;eşitli spor bahisleri se&ccedil;eneği sunar. Futbol, basketbol, tenis, voleybol gibi pop&uuml;ler spor dallarının yanı sıra e-spor, hentbol ve beyzbol gibi daha nadir , &ccedil;ok kazandıran bilinen sporlara da bahis yapma imkanı sağlar. Ayrıca, canlı bahis se&ccedil;enekleri de mevcuttur, b&ouml;ylece ma&ccedil;lar devam ederken de bahis yapabilirsiniz.</p>\r\n\r\n<p>Genel olarak, Betgram, &ccedil;evrimi&ccedil;i kumarhane deneyimini arayanlar i&ccedil;in m&uuml;kemmel bir se&ccedil;enektir. Geniş oyun se&ccedil;enekleri, g&uuml;venilirlik ve kullanıcı dostu aray&uuml;z&uuml; ile kullanıcıların beklentilerini karşılamaktadır. Ancak, sorumlu kumar prensiplerini benimsemek ve oyunu eğlence ama&ccedil;lı olarak g&ouml;rmek &ouml;nemlidir.</p>	3_SOH6lAs.png	https://go.aff.betgramaffiliate.com/3f5wyrfg	betgram				4.95	4.95	4.95	4.95	4.95
7	PiaBet	<p><strong>Spor Bahisleri:</strong>&nbsp;PiaBet, bir &ccedil;ok spor bahisleri se&ccedil;eneği sunar. Futbol, basketbol, tenis, voleybol gibi pop&uuml;ler spor dallarının yanı sıra e-spor, hentbol ve beyzbol gibi daha nadir , &ccedil;ok kazandıran bilinen sporlara da bahis yapma imkanı sağlar. Ayrıca, canlı bahis se&ccedil;enekleri de mevcuttur, b&ouml;ylece ma&ccedil;lar devam ederken de bahis yapabilirsiniz.</p>\r\n\r\n<p><strong>Casino Oyunları:</strong> PiaBet Platformu, tam kapsamlı bir den fazla casino oyun portf&ouml;y&uuml; sunar. Slot makineleri, blackjack, rulet, poker ve diğer m&uuml;kemmel ve pop&uuml;ler kumar oyunlarını i&ccedil;erir ve t&uuml;m imkanları sunar . Ayrıca, canlı krupiyeli oyunlarla da ger&ccedil;ek bir kumarhane deneyimi yaşayabilirsiniz. kazancınızı iki katına &ccedil;ıkartabilirsiniz Y&uuml;ksek kaliteli grafikler, akıcı ve kesintisiz oyun deneyimi sunar.</p>\r\n\r\n<p><strong>M&uuml;şteri Desteği:</strong> PiaBet Platformu , etkili ve hızlı bir m&uuml;şteri destek ekibi sunar. Kullanıcılar, herhangi bir sorunlarını &ccedil;&ouml;zmek ya da bilgi almak i&ccedil;in 7/24 anlık canlı destek hizmetinden kesintisiz yararlanabilirler.&nbsp;</p>\r\n\r\n<p><strong>Lisans ve D&uuml;zenleme:</strong>&nbsp;PiaBet lisanslı ve d&uuml;zenlenmiş bir kumar platformudur. .</p>\r\n\r\n<p><strong>&Ouml;deme Y&ouml;ntemleri:</strong>&nbsp;PiaBet, bir &ccedil;ok &ouml;deme y&ouml;ntemini destekler. Kullanıcılar, :Kripto para,kredi kartları, banka havalesi, e-c&uuml;zdanlar,&nbsp; diğer kendine has bir şekilde hemen ve kolay y&ouml;ntemlerle para yatırıp &ccedil;ekebilirler.</p>\r\n\r\n<p><strong>Bonuslar ve Promosyonlar:</strong>PiaBet, &ccedil;eşitli bonuslar ve promosyonlar sunar. Yeni &uuml;yelere hoş geldin bonusları, yatırım bonusları gibi &ccedil;eşitli teşviklerle kullanıcıları &ouml;d&uuml;llendirir her zaman oyuncularının kazanmasını kolay hale getiricek sistemleriyle sizlerin kazanmasını sağlar.</p>	6_yafIwTa.png	https://piatrack.com/hf84i5kh	piabet				4.95	4.95	4.95	4.95	4.95
5	MonoBahis	<p>Tabii, işte Monobahis i&ccedil;in &ouml;zg&uuml;n bir inceleme:</p>\r\n\r\n<hr />\r\n<p><strong>Monobahis Casino İncelemesi</strong></p>\r\n\r\n<p>Monobahis, &ccedil;evrimi&ccedil;i kendine &ouml;zg&uuml;n bir casino sitesidir kumar tutkunları i&ccedil;in yenilik&ccedil;i ve heyecan verici &uuml;st sınıf bir kumarhane platformudur.</p>\r\n\r\n<p><strong>Spor Bahisleri </strong>,Monobahis bir &ccedil;ok spor bahisleri se&ccedil;eneği sunar. Futbol, basketbol, tenis, voleybol gibi pop&uuml;ler spor dallarının yanı sıra e-spor, hentbol ve beyzbol gibi daha nadir , &ccedil;ok kazandıran bilinen sporlara da bahis yapma imkanı sağlar. Ayrıca, canlı bahis se&ccedil;enekleri de mevcuttur, b&ouml;ylece ma&ccedil;lar devam ederken de bahis yapabilirsiniz.</p>\r\n\r\n<p><strong>Oyun &Ccedil;eşitliliği:</strong> Monobahis Casino<strong>&nbsp;</strong>Slot makineleri, blackjack, rulet, poker ve bir&ccedil;ok diğer pop&uuml;ler kumar oyunu bu platformda bulunabilir. Ayrıca, canlı krupiyeli oyunlarla ger&ccedil;ek bir kumarhane atmosferi deneyimi yaşanabilir. Tabi ki benzersiz g&uuml;zellikte ve y&uuml;ksek oranları olan kazandıran her t&uuml;rl&uuml; spor bahislerini de unutmayalım.</p>\r\n\r\n<p><strong>G&uuml;venlik:</strong> Monobahis, Kullanıcıların verilerini kesinlikle y&uuml;ksek g&uuml;venlikli şifrelemelerle saklamaktadır. Bu da kullanıcıların g&uuml;venilir bir ortamda izi s&uuml;r&uuml;lemez bir şekilde kumar oynamalarını sağlar.</p>\r\n\r\n<p><strong>M&uuml;şteri Desteği:</strong> Monobahis, etkili bir m&uuml;şteri destek ekibi de sunar. Kullanıcılar, herhangi bir sorunlarını &ccedil;&ouml;zmek veya bilgi almak i&ccedil;in 7/24 canlı kesintisiz destek hizmetinden yararlanabilirler. Hızlı yanıt s&uuml;releri ve g&uuml;venilir uzman personeliyle, Monobahis kullanıcılarının memnuniyetini sağlar ve devamlı olarak kesintisiz hizmet sağlar .</p>\r\n\r\n<p><strong>Lisans ve D&uuml;zenleme:</strong> Monobahis, uluslararası bir oyun lisansına sahiptir ve d&uuml;zenleyici kurumlar tarafından d&uuml;zenli olarak denetlenmektedir. Bu, platformun yasalara uygun olduğunu ve kullanıcıların g&uuml;venle kumar oynayabileceğini garanti eder.</p>\r\n\r\n<p><strong>&Ouml;deme Se&ccedil;enekleri:</strong> Monobahis, &ccedil;eşitli g&uuml;venli &ouml;deme se&ccedil;eneklerini destekler ve hızlı bir şekilde y&ouml;nlendirir . Kullanıcılar,Kripto Para, kredi kartları, banka havalesi, e-c&uuml;zdanlar ve diğer y&ouml;ntemlerle kolayca para yatırıp &ccedil;ekebilirler.</p>\r\n\r\n<p><strong>Bonuslar ve Promosyonlar:</strong> Monobahis, kullanıcılarına &ccedil;eşitli y&uuml;ksek oranlı bonuslar ve promosyonlar sunar. Yeni &uuml;yelere hoş geldin max bonusları, en y&uuml;ksek oranlı yatırım bonusları, &uuml;cretsiz d&ouml;n&uuml;şler ve sadakat programları gibi &ccedil;eşitli teşviklerle kullanıcıları &ouml;d&uuml;llendirir.</p>\r\n\r\n<p>Genel olarak, Monobahis, kumarhaneve spor bahsi deneyimini arayanlar i&ccedil;in ortalama bir se&ccedil;enektir. Geniş oyun se&ccedil;enekleri, g&uuml;venilirlik ve etkili m&uuml;şteri desteği ile kullanıcıların beklentilerini karşılar ve kesinlikle tatmin eder.</p>	4_NOOsFo0.png	http://commissionwall8.com/e/r/20224?p=a143_gen	mono				4.95	4.95	4.95	4.95	4.95
4	KlasBet	<p>Klasbet, &ccedil;evrimi&ccedil;i kumar tutkunları i&ccedil;in heyecan verici bir platform sunan &ouml;nc&uuml; bir kumarhane sitesidir.</p>\r\n\r\n<p><strong>Spor Bahisleri:</strong>,klasbet bir &ccedil;ok spor bahisleri se&ccedil;eneği sunar. Futbol, basketbol, tenis, voleybol gibi pop&uuml;ler spor dallarının yanı sıra e-spor, hentbol ve beyzbol gibi daha nadir , &ccedil;ok kazandıran bilinen sporlara da bahis yapma imkanı sağlar. Ayrıca, canlı bahis se&ccedil;enekleri de mevcuttur, b&ouml;ylece ma&ccedil;lar devam ederken de bahis yapabilirsiniz.</p>\r\n\r\n<p><strong>Oyun &Ccedil;eşitliliği:</strong> Klasbet, geniş oyun se&ccedil;enekleriyle dikkat &ccedil;eker. Kullanıcılar, slot makineleri, blackjack, rulet, poker ve daha bir&ccedil;ok pop&uuml;ler kumar oyununu burada bulabilirler. Ayrıca, canlı krupiyeli oyunlarla ger&ccedil;ek bir kumarhane deneyimi yaşayabilirler.</p>\r\n\r\n<p>&nbsp;</p>\r\n\r\n<p><strong>G&uuml;venlik:</strong> Klasbet, kullanıcı g&uuml;venliğini &ouml;n planda tutar. Platform, g&uuml;&ccedil;l&uuml; şifreleme teknolojileri ve diğer g&uuml;venlik &ouml;nlemleriyle kullanıcıların verilerini korur ve g&uuml;venilir bir oyun ortamı sunar.</p>\r\n\r\n<p>&nbsp;</p>\r\n\r\n<p><strong>M&uuml;şteri Desteği:</strong> Klasbet, etkili bir m&uuml;şteri destek ekibine sahiptir. Kullanıcılar, herhangi bir sorunlarını &ccedil;&ouml;zmek veya bilgi almak i&ccedil;in 7/24 canlı destek hizmetinden yararlanabilirler. Hızlı yanıt s&uuml;releri ve uzman personeliyle, Klasbet kullanıcılarının memnuniyetini sağlar.</p>\r\n\r\n<p>&nbsp;</p>\r\n\r\n<p><strong>Lisans ve D&uuml;zenleme:</strong> Klasbet, uluslararası bir oyun lisansına sahiptir ve d&uuml;zenleyici kurumlar tarafından d&uuml;zenli olarak denetlenmektedir. Bu, kullanıcıların g&uuml;venilir bir ortamda kumar oynamalarını sağlar ve platformun yasalara uygun olduğunu garanti eder.</p>\r\n\r\n<p>&nbsp;</p>\r\n\r\n<p><strong>&Ouml;deme Se&ccedil;enekleri:</strong> Klasbet, &ccedil;eşitli g&uuml;venli &ouml;deme &ccedil;eşitliliği ile &ouml;n plana &ccedil;ıkmaktadır. Kullanıcılar, kredi kartları, banka havalesi, kripto ve diğer y&ouml;ntemlerle kolayca para yatırıp &ccedil;ekebilirler.</p>\r\n\r\n<p>&nbsp;</p>\r\n\r\n<p><strong>Bonuslar ve Promosyonlar:</strong> Klasbet, kullanıcılarına &ccedil;eşitli bonuslar ve promosyonlar sunar. Yeni &uuml;yelere hoş geldin bonusları, yatırım bonusları, &uuml;cretsiz d&ouml;n&uuml;şler ve sadakat programları gibi &ccedil;eşitli teşviklerle kullanıcıları &ouml;d&uuml;llendirir.</p>\r\n\r\n<p>&nbsp;</p>\r\n\r\n<p>Genel olarak, Klasbet, kumarhane deneyimini arayanlar i&ccedil;in m&uuml;kemmel bir se&ccedil;enektir. Geniş oyun se&ccedil;enekleri, g&uuml;venilirlik ve etkili m&uuml;şteri desteği ile kullanıcıların beklentilerini karşılar ve tatmin eder.</p>	2_Xz9VoKE.png	https://go.aff.klassource.com/pllof7og	klasbet				4.95	4.95	4.95	4.95	4.95
3	CaddeBet	<p>CaddeBet, kumarhane deneyimi arayanlar i&ccedil;in &ccedil;eşitli oyun se&ccedil;enekleri sunan bir platformdur, ancak bazı kullanıcılar g&uuml;venlik ve m&uuml;şteri desteği konularında endişelerini dile getirmektedir.</p>\r\n\r\n<p>&nbsp;</p>\r\n\r\n<p><strong>Oyun &Ccedil;eşitliliği:</strong> CaddeBet, geniş bir oyun yelpazesi sunarak kumarhane deneyimini evinize getirir. Slot makineleri, blackjack, rulet, poker ve daha bir&ccedil;ok pop&uuml;ler oyun se&ccedil;eneği bulunmaktadır. Bu, kullanıcıların &ccedil;eşitli oyunlar arasından se&ccedil;im yaparak eğlenceli vakit ge&ccedil;irmelerini sağlar.</p>\r\n\r\n<p>&nbsp;</p>\r\n\r\n<p><strong>G&uuml;venlik:</strong> CaddeBet Ancak, g&uuml;venlik konusunda bazı endişeler bulunmaktadır. Platformun g&uuml;venlik &ouml;nlemleri diğer &ouml;nde gelen kumar siteleri kadar g&uuml;&ccedil;l&uuml; olmayabilir, bu da kullanıcıların kişisel ve finansal bilgilerinin risk altında olabileceği anlamına gelir.</p>\r\n\r\n<p>&nbsp;</p>\r\n\r\n<p><strong>M&uuml;şteri Desteği:</strong> CaddeBet M&uuml;şteri desteği konusunda da bazı zorluklar yaşanabilir. Kullanıcılar, canlı destek hizmetinin yetersiz veya etkisiz olduğunu belirtmektedirler. Bu durum, kullanıcıların sorunlarını &ccedil;&ouml;zmekte ve yardım almakta zorlanabilecekleri anlamına gelir, &ouml;zellikle acil durumlarda bu durumun daha da rahatsız edici olabileceği g&ouml;z &ouml;n&uuml;nde bulundurulmalıdır.</p>\r\n\r\n<p>&nbsp;</p>\r\n\r\n<p><strong>Lisans ve D&uuml;zenleme:</strong> Cadde Bet&#39;in uluslararası bir oyun lisansına sahip olduğu bilinmektedir. Ancak, platformun d&uuml;zenleyici kurumlar tarafından ne sıklıkta denetlendiği ve lisansının ne kadar g&uuml;venilir olduğu konusunda bazı belirsizlikler bulunmaktadır.</p>\r\n\r\n<p>&nbsp;</p>\r\n\r\n<p><strong>&Ouml;deme Se&ccedil;enekleri:</strong> CaddeBet &Ouml;deme se&ccedil;enekleri konusunda b&uuml;y&uuml;k bir &ccedil;eşitlilik bulunmaktadır. Kullanıcılar, kredi kartları, banka havalesi, e-c&uuml;zdanlar ve diğer &ccedil;eşitli y&ouml;ntemler arasından se&ccedil;im yaparak kolayca para yatırıp &ccedil;ekebilirler.</p>\r\n\r\n<p>&nbsp;</p>\r\n\r\n<p><strong>Bonuslar ve Promosyonlar:</strong> CaddeBet, kullanıcılarına &ccedil;eşitli bonuslar ve promosyonlar sunar. Hoş geldin bonusları, yatırım bonusları, &uuml;cretsiz d&ouml;n&uuml;şler ve sadakat programları gibi teşviklerle kullanıcıları &ouml;d&uuml;llendirir.</p>\r\n\r\n<p><strong>Spor Bahisleri:</strong>&nbsp;caddeBet, bir &ccedil;ok spor bahisleri se&ccedil;eneği sunar. Futbol, basketbol, tenis, voleybol gibi pop&uuml;ler spor dallarının yanı sıra e-spor, hentbol ve beyzbol gibi daha nadir , &ccedil;ok kazandıran bilinen sporlara da bahis yapma imkanı sağlar. Ayrıca, canlı bahis se&ccedil;enekleri de mevcuttur, b&ouml;ylece ma&ccedil;lar devam ederken de bahis yapabilirsiniz.</p>\r\n\r\n<p>Genel olarak, Cadde Bet, kumarhane deneyimini evinizin konforunda yaşamak isteyenler i&ccedil;in &ccedil;ekici bir se&ccedil;enektir. Ancak, g&uuml;venlik ve m&uuml;şteri desteği konularında dikkatli olunması gerektiği unutulmamalıdır.</p>	cadde_Bet.png	http://commissionwall8.com/e/r/2003?p=a197_pSignup_gen	caddebet				4.95	4.95	4.95	4.95	4.95
\.


--
-- Data for Name: django_admin_log; Type: TABLE DATA; Schema: public; Owner: spinsafelyuser
--

COPY public.django_admin_log (id, action_time, object_id, object_repr, action_flag, change_message, content_type_id, user_id) FROM stdin;
1	2024-05-02 17:40:24.224255+00	1	ArtemisBet	1	[{"added": {}}]	7	1
2	2024-05-02 17:58:35.711108+00	2	BetGram	1	[{"added": {}}]	7	1
3	2024-05-02 18:02:11.979695+00	3	CaddeBet	1	[{"added": {}}]	7	1
4	2024-05-02 18:02:50.752549+00	4	KlasBet	1	[{"added": {}}]	7	1
5	2024-05-02 18:03:33.453891+00	5	MonoBahis	1	[{"added": {}}]	7	1
6	2024-05-02 18:04:01.742722+00	6	PeraBet	1	[{"added": {}}]	7	1
7	2024-05-02 18:04:29.84176+00	7	PiaBet	1	[{"added": {}}]	7	1
8	2024-05-02 18:04:53.087311+00	8	PokerKlas	1	[{"added": {}}]	7	1
9	2024-05-02 18:05:09.431629+00	9	TruvaBet	1	[{"added": {}}]	7	1
10	2024-05-02 18:55:18.589567+00	8	PokerKlas	2	[{"changed": {"fields": ["Img"]}}]	7	1
11	2024-05-02 18:55:28.876336+00	7	PiaBet	2	[{"changed": {"fields": ["Img"]}}]	7	1
12	2024-05-02 18:55:36.340273+00	6	PeraBet	2	[{"changed": {"fields": ["Img"]}}]	7	1
13	2024-05-02 18:55:44.194966+00	5	MonoBahis	2	[{"changed": {"fields": ["Img"]}}]	7	1
14	2024-05-02 18:55:51.586003+00	4	KlasBet	2	[{"changed": {"fields": ["Img"]}}]	7	1
15	2024-05-02 18:55:57.36303+00	3	CaddeBet	2	[{"changed": {"fields": ["Img"]}}]	7	1
16	2024-05-02 18:56:03.493076+00	2	BetGram	2	[{"changed": {"fields": ["Img"]}}]	7	1
17	2024-05-02 18:56:10.658681+00	1	ArtemisBet	2	[{"changed": {"fields": ["Img"]}}]	7	1
18	2024-05-02 18:59:03.483527+00	9	TruvaBet	2	[{"changed": {"fields": ["Description"]}}]	7	1
19	2024-05-02 18:59:13.131579+00	8	PokerKlas	2	[{"changed": {"fields": ["Description"]}}]	7	1
20	2024-05-02 18:59:22.353996+00	7	PiaBet	2	[{"changed": {"fields": ["Description"]}}]	7	1
21	2024-05-02 18:59:32.60818+00	6	PeraBet	2	[{"changed": {"fields": ["Description"]}}]	7	1
22	2024-05-02 18:59:43.170888+00	5	MonoBahis	2	[{"changed": {"fields": ["Description"]}}]	7	1
23	2024-05-02 18:59:52.442606+00	4	KlasBet	2	[{"changed": {"fields": ["Description"]}}]	7	1
24	2024-05-02 19:00:01.208392+00	3	CaddeBet	2	[{"changed": {"fields": ["Description"]}}]	7	1
25	2024-05-02 19:00:10.53007+00	2	BetGram	2	[{"changed": {"fields": ["Description"]}}]	7	1
26	2024-05-02 19:00:19.4415+00	1	ArtemisBet	2	[{"changed": {"fields": ["Description"]}}]	7	1
27	2024-05-02 20:01:10.148885+00	1	KlasBet - %200 HoşGeldin Bonusu	1	[{"added": {}}]	8	1
28	2024-05-02 20:01:16.615458+00	2	BetGram - %300 HoşGeldin Bonusu	1	[{"added": {}}]	8	1
29	2024-05-02 20:01:32.492887+00	3	TruvaBet - %100 HoşGeldin Bonusu ve %20 Discount	1	[{"added": {}}]	8	1
30	2024-05-02 20:01:56.640027+00	4	PokerKlas - %10 Haftalık Kayıp Bonusu ve %20 Discount	1	[{"added": {}}]	8	1
31	2024-05-02 20:02:16.959028+00	2	BetGram - %300 Hoş Geldin Bonusu	2	[{"changed": {"fields": ["Title"]}}]	8	1
32	2024-05-02 20:02:26.93968+00	1	KlasBet - %200 Hoş Geldin Bonusu	2	[{"changed": {"fields": ["Title"]}}]	8	1
33	2024-05-02 20:02:33.120894+00	3	TruvaBet - %100 Hoş Geldin Bonusu ve %20 Discount	2	[{"changed": {"fields": ["Title"]}}]	8	1
34	2024-05-02 20:02:46.799712+00	5	PiaBet - +100 Deneme FreeSpin	1	[{"added": {}}]	8	1
35	2024-05-02 20:02:58.158017+00	6	PeraBet - %100 Deneme Bonusu	1	[{"added": {}}]	8	1
36	2024-05-02 20:03:08.83482+00	7	MonoBahis - %20 Kayıp Bonusu	1	[{"added": {}}]	8	1
37	2024-05-02 20:03:25.752434+00	8	CaddeBet - İlk Yatırıma Çevrimsiz %30	1	[{"added": {}}]	8	1
38	2024-05-02 20:03:35.996977+00	9	ArtemisBet - İlk Yatırıma Çevrimsiz %50 Bonus	1	[{"added": {}}]	8	1
39	2024-05-02 20:03:41.26027+00	8	CaddeBet - İlk Yatırıma Çevrimsiz %30 Bonus	2	[{"changed": {"fields": ["Title"]}}]	8	1
40	2024-05-02 20:03:48.013272+00	1	AdminReview object (1)	1	[{"added": {}}]	9	1
41	2024-05-02 20:03:54.259927+00	2	AdminReview object (2)	1	[{"added": {}}]	9	1
42	2024-05-02 20:04:01.351885+00	3	AdminReview object (3)	1	[{"added": {}}]	9	1
43	2024-05-02 20:04:07.862669+00	4	AdminReview object (4)	1	[{"added": {}}]	9	1
44	2024-05-02 20:04:16.095404+00	5	AdminReview object (5)	1	[{"added": {}}]	9	1
45	2024-05-02 20:04:22.589143+00	6	AdminReview object (6)	1	[{"added": {}}]	9	1
46	2024-05-02 20:04:29.417097+00	7	AdminReview object (7)	1	[{"added": {}}]	9	1
47	2024-05-02 20:04:35.784506+00	8	AdminReview object (8)	1	[{"added": {}}]	9	1
48	2024-05-02 20:04:41.530622+00	9	AdminReview object (9)	1	[{"added": {}}]	9	1
49	2024-05-02 20:33:26.927716+00	9	TruvaBet	2	[{"changed": {"fields": ["Img"]}}]	7	1
50	2024-05-03 15:28:04.301624+00	9	TruvaBet	2	[{"changed": {"fields": ["Img"]}}]	7	3
51	2024-05-03 15:28:45.40314+00	8	PokerKlas	2	[{"changed": {"fields": ["Img"]}}]	7	3
52	2024-05-03 15:29:09.583833+00	7	PiaBet	2	[{"changed": {"fields": ["Img"]}}]	7	3
53	2024-05-03 15:29:32.335141+00	6	PeraBet	2	[{"changed": {"fields": ["Img"]}}]	7	3
54	2024-05-03 15:29:40.392737+00	5	MonoBahis	2	[{"changed": {"fields": ["Img"]}}]	7	3
55	2024-05-03 15:29:51.133221+00	4	KlasBet	2	[{"changed": {"fields": ["Img"]}}]	7	3
56	2024-05-03 15:29:57.799239+00	4	KlasBet	2	[]	7	3
57	2024-05-03 15:30:07.846679+00	3	CaddeBet	2	[{"changed": {"fields": ["Img"]}}]	7	3
58	2024-05-03 15:30:20.247515+00	2	BetGram	2	[{"changed": {"fields": ["Img"]}}]	7	3
59	2024-05-03 15:30:32.025347+00	1	ArtemisBet	2	[{"changed": {"fields": ["Img"]}}]	7	3
60	2024-05-03 15:50:19.60445+00	2	BetGram	2	[{"changed": {"fields": ["Img"]}}]	7	3
61	2024-05-03 15:51:17.400071+00	2	BetGram	2	[{"changed": {"fields": ["Img"]}}]	7	3
62	2024-05-04 01:13:02.522543+00	9	TruvaBet	2	[{"changed": {"fields": ["Img"]}}]	7	3
63	2024-05-04 01:20:11.089472+00	9	TruvaBet	2	[{"changed": {"fields": ["Img"]}}]	7	3
64	2024-05-04 01:23:53.71335+00	1	ArtemisBet	2	[{"changed": {"fields": ["Img"]}}]	7	3
65	2024-05-04 01:34:48.50662+00	3	CaddeBet	2	[{"changed": {"fields": ["Img"]}}]	7	3
66	2024-05-04 01:49:29.435798+00	8	PokerKlas	2	[{"changed": {"fields": ["Img"]}}]	7	3
67	2024-05-04 01:53:48.014753+00	8	PokerKlas	2	[{"changed": {"fields": ["Img"]}}]	7	3
68	2024-05-04 01:54:19.787398+00	7	PiaBet	2	[{"changed": {"fields": ["Img"]}}]	7	3
69	2024-05-04 01:54:46.937425+00	6	PeraBet	2	[{"changed": {"fields": ["Img"]}}]	7	3
70	2024-05-04 01:54:57.621602+00	5	MonoBahis	2	[{"changed": {"fields": ["Img"]}}]	7	3
71	2024-05-04 01:55:10.382183+00	2	BetGram	2	[{"changed": {"fields": ["Img"]}}]	7	3
72	2024-05-04 01:55:20.241957+00	8	PokerKlas	2	[{"changed": {"fields": ["Img"]}}]	7	3
73	2024-05-04 01:55:39.442859+00	8	PokerKlas	2	[{"changed": {"fields": ["Img"]}}]	7	3
74	2024-05-04 01:55:59.653361+00	4	KlasBet	2	[{"changed": {"fields": ["Img"]}}]	7	3
75	2024-05-04 01:58:31.378786+00	9	TruvaBet	2	[{"changed": {"fields": ["Img"]}}]	7	3
76	2024-05-05 16:45:53.829734+00	1	ArtemisBet	2	[{"changed": {"fields": ["Description"]}}]	7	3
77	2024-05-05 16:47:35.66678+00	2	BetGram	2	[{"changed": {"fields": ["Description"]}}]	7	3
78	2024-05-05 16:50:58.926274+00	3	CaddeBet	2	[{"changed": {"fields": ["Description"]}}]	7	3
79	2024-05-05 16:51:49.146154+00	3	CaddeBet	2	[{"changed": {"fields": ["Description"]}}]	7	3
80	2024-05-05 16:56:59.320066+00	4	KlasBet	2	[{"changed": {"fields": ["Description"]}}]	7	3
81	2024-05-05 18:21:27.303246+00	5	MonoBahis	2	[{"changed": {"fields": ["Description"]}}]	7	3
82	2024-05-05 19:45:10.258052+00	6	PeraBet	2	[{"changed": {"fields": ["Description"]}}]	7	3
83	2024-05-05 21:14:56.035183+00	1	ArtemisBet	2	[{"changed": {"fields": ["Art\\u0131lar", "Eksiler", "\\u00d6deme H\\u0131z\\u0131", "Destek", "Oynanabilirlik ve Kalite", "Bonus ve Promosyon"]}}]	7	3
84	2024-05-06 09:03:30.00525+00	1	ArtemisBet	2	[{"changed": {"fields": ["Description", "G\\u00fcvenilirlik"]}}]	7	3
85	2024-05-06 09:08:31.595753+00	2	BetGram	2	[{"changed": {"fields": ["Description"]}}]	7	3
86	2024-05-06 15:34:42.594779+00	9	TruvaBet	2	[{"changed": {"fields": ["Description"]}}]	7	3
87	2024-05-06 16:14:21.470769+00	8	PokerKlas	2	[{"changed": {"fields": ["Description"]}}]	7	3
88	2024-05-06 16:14:43.265537+00	8	PokerKlas	2	[{"changed": {"fields": ["Description"]}}]	7	3
89	2024-05-06 16:16:47.127794+00	7	PiaBet	2	[{"changed": {"fields": ["Description"]}}]	7	3
90	2024-05-06 16:17:10.984758+00	6	PeraBet	2	[]	7	3
91	2024-05-06 16:27:23.074728+00	5	MonoBahis	2	[{"changed": {"fields": ["Description"]}}]	7	3
92	2024-05-06 16:31:19.709886+00	5	MonoBahis	2	[{"changed": {"fields": ["Description"]}}]	7	3
93	2024-05-06 16:31:57.651264+00	4	KlasBet	2	[{"changed": {"fields": ["Description"]}}]	7	3
94	2024-05-06 16:32:05.807965+00	4	KlasBet	2	[]	7	3
95	2024-05-06 16:33:19.339501+00	3	CaddeBet	2	[{"changed": {"fields": ["Description"]}}]	7	3
96	2024-05-06 16:34:50.057491+00	2	BetGram	2	[{"changed": {"fields": ["Description"]}}]	7	3
97	2024-05-06 16:36:14.33931+00	1	ArtemisBet	2	[{"changed": {"fields": ["Description"]}}]	7	3
98	2024-05-06 16:38:52.212456+00	1	ArtemisBet	2	[]	7	3
\.


--
-- Data for Name: django_content_type; Type: TABLE DATA; Schema: public; Owner: spinsafelyuser
--

COPY public.django_content_type (id, app_label, model) FROM stdin;
1	admin	logentry
2	auth	permission
3	auth	group
4	auth	user
5	contenttypes	contenttype
6	sessions	session
7	casinoaffiliate_app	casino
8	casinoaffiliate_app	bonus
9	casinoaffiliate_app	adminreview
\.


--
-- Data for Name: django_migrations; Type: TABLE DATA; Schema: public; Owner: spinsafelyuser
--

COPY public.django_migrations (id, app, name, applied) FROM stdin;
1	contenttypes	0001_initial	2024-05-02 13:42:00.012822+00
2	auth	0001_initial	2024-05-02 13:42:00.074066+00
3	admin	0001_initial	2024-05-02 13:42:00.093627+00
4	admin	0002_logentry_remove_auto_add	2024-05-02 13:42:00.102165+00
5	admin	0003_logentry_add_action_flag_choices	2024-05-02 13:42:00.110252+00
6	contenttypes	0002_remove_content_type_name	2024-05-02 13:42:00.136047+00
7	auth	0002_alter_permission_name_max_length	2024-05-02 13:42:00.149313+00
8	auth	0003_alter_user_email_max_length	2024-05-02 13:42:00.158656+00
9	auth	0004_alter_user_username_opts	2024-05-02 13:42:00.167188+00
10	auth	0005_alter_user_last_login_null	2024-05-02 13:42:00.176523+00
11	auth	0006_require_contenttypes_0002	2024-05-02 13:42:00.177948+00
12	auth	0007_alter_validators_add_error_messages	2024-05-02 13:42:00.186234+00
13	auth	0008_alter_user_username_max_length	2024-05-02 13:42:00.200218+00
14	auth	0009_alter_user_last_name_max_length	2024-05-02 13:42:00.211352+00
15	auth	0010_alter_group_name_max_length	2024-05-02 13:42:00.221147+00
16	auth	0011_update_proxy_permissions	2024-05-02 13:42:00.228764+00
17	auth	0012_alter_user_first_name_max_length	2024-05-02 13:42:00.237344+00
18	casinoaffiliate_app	0001_initial	2024-05-02 13:42:00.309053+00
19	casinoaffiliate_app	0002_casino_url_alter_casino_img	2024-05-02 13:42:00.320275+00
20	casinoaffiliate_app	0003_casino_slug	2024-05-02 13:42:00.339725+00
21	casinoaffiliate_app	0004_alter_casino_slug	2024-05-02 13:42:00.355197+00
22	casinoaffiliate_app	0005_casino_small_description_alter_casino_description	2024-05-02 13:42:00.370887+00
23	casinoaffiliate_app	0006_bonus_promo_code	2024-05-02 13:42:00.378981+00
24	sessions	0001_initial	2024-05-02 13:42:00.390642+00
25	casinoaffiliate_app	0007_casino_cons_casino_pros	2024-05-05 19:58:04.89973+00
26	casinoaffiliate_app	0008_alter_casino_cons_alter_casino_pros	2024-05-05 19:58:04.913557+00
27	casinoaffiliate_app	0009_casino_bonusses_casino_payment_speed_casino_playable_and_more	2024-05-05 19:58:04.951656+00
\.


--
-- Data for Name: django_session; Type: TABLE DATA; Schema: public; Owner: spinsafelyuser
--

COPY public.django_session (session_key, session_data, expire_date) FROM stdin;
wqn1ujjukfvcycq6tql7azefcy805lua	.eJxVjEEOgjAQRe_StWnamcJUl-45A5l2poIaSCisjHdXEha6_e-9_zI9b-vQb1WXfhRzMd6cfrfE-aHTDuTO0222eZ7WZUx2V-xBq-1m0ef1cP8OBq7Dt45NBIQSXZSEhHpuFBmDc9mztM5DLKTgpAUBLAAhBRIGDYGIsLB5fwC7WjcG:1s2bZI:TAELepumqNC9KeT-11ZSlTCc-flpRD7zhJPI9treEzw	2024-05-16 18:54:08.995822+00
p8sjlzdxbjzhqyltonkq4sqi34pbhfwt	.eJxVjEEOgjAQRe_StWnamcJUl-45A5l2poIaSCisjHdXEha6_e-9_zI9b-vQb1WXfhRzMd6cfrfE-aHTDuTO0222eZ7WZUx2V-xBq-1m0ef1cP8OBq7Dt45NBIQSXZSEhHpuFBmDc9mztM5DLKTgpAUBLAAhBRIGDYGIsLB5fwC7WjcG:1s2tHf:8nlyvUqO9LJSLMJlwapEh-NfL-ExspDRQ3HAGgTYw-U	2024-05-17 13:49:07.103255+00
5ede2jwwmdq4r8amrva4dftzw6qfn0vb	.eJxVjEEOwiAQAP_C2RCgsBWP3n0DWZZFqgaS0p6MfzckPeh1ZjJvEXDfStg7r2FJ4iKMOP2yiPTkOkR6YL03Sa1u6xLlSORhu7y1xK_r0f4NCvYythk8-Bl49pjIOT0xGmtBEWXM1qgEjkArf86TMs4xE4BNKhJpy9mIzxfYWzfV:1s2u63:wdULP3EsPTnMq4kEoy-sTe6MA9Gbhmps77VvKcqxBzU	2024-05-17 14:41:11.532745+00
y028g8k3u6gosieyceyndx2zufnk2rda	.eJxVjEEOwiAQRe_C2hDKQAsu3XuGZpgZbNVAUtqV8e7apAvd_vfef6kRt3UatybLOLM6K1Cn3y0hPaTsgO9YblVTLesyJ70r-qBNXyvL83K4fwcTtulbxw7ABjPkRGxT7r1hoUzQCRgUBgqIIbI3ET3BkCEaO0gPyXWeknPq_QH1HDgn:1s2um0:JdSiqQ60mFUjo03dsEEN-J7waOGE04q-h5vCRz6AJmQ	2024-05-17 15:24:32.898782+00
ggaz1jue39fnxl2hg6ucdzz5ya47ov6u	.eJxVjEEOwiAQRe_C2hDKQAsu3XuGZpgZbNVAUtqV8e7apAvd_vfef6kRt3UatybLOLM6K1Cn3y0hPaTsgO9YblVTLesyJ70r-qBNXyvL83K4fwcTtulbxw7ABjPkRGxT7r1hoUzQCRgUBgqIIbI3ET3BkCEaO0gPyXWeknPq_QH1HDgn:1s3em9:vTkiblpcy-1XP0yY-31PTqk1ibTO6O23HJ5W-gGWMHs	2024-05-19 16:31:45.357871+00
dcxsmia8t4pxu37ua1wspzh37cur53al	.eJxVjEEOwiAQRe_C2hDKQAsu3XuGZpgZbNVAUtqV8e7apAvd_vfef6kRt3UatybLOLM6K1Cn3y0hPaTsgO9YblVTLesyJ70r-qBNXyvL83K4fwcTtulbxw7ABjPkRGxT7r1hoUzQCRgUBgqIIbI3ET3BkCEaO0gPyXWeknPq_QH1HDgn:1s3zbu:MFdtH2FTtWROIBxn7VagIDGj5h0cxjnnv-BDExpa590	2024-05-20 14:46:34.342869+00
tm79ukb5lvmfry1ahksexmrsmfv88vtr	.eJxVjEEOwiAQAP_C2RCgsBWP3n0DWZZFqgaS0p6MfzckPeh1ZjJvEXDfStg7r2FJ4iKMOP2yiPTkOkR6YL03Sa1u6xLlSORhu7y1xK_r0f4NCvYythk8-Bl49pjIOT0xGmtBEWXM1qgEjkArf86TMs4xE4BNKhJpy9mIzxfYWzfV:1s3zku:m7iIKnK9lF0WuZGl7UOnfx4z1Q-tBtw2xAiH5wTW1ao	2024-05-20 14:55:52.219535+00
\.


--
-- Name: auth_group_id_seq; Type: SEQUENCE SET; Schema: public; Owner: spinsafelyuser
--

SELECT pg_catalog.setval('public.auth_group_id_seq', 1, false);


--
-- Name: auth_group_permissions_id_seq; Type: SEQUENCE SET; Schema: public; Owner: spinsafelyuser
--

SELECT pg_catalog.setval('public.auth_group_permissions_id_seq', 1, false);


--
-- Name: auth_permission_id_seq; Type: SEQUENCE SET; Schema: public; Owner: spinsafelyuser
--

SELECT pg_catalog.setval('public.auth_permission_id_seq', 36, true);


--
-- Name: auth_user_groups_id_seq; Type: SEQUENCE SET; Schema: public; Owner: spinsafelyuser
--

SELECT pg_catalog.setval('public.auth_user_groups_id_seq', 1, false);


--
-- Name: auth_user_id_seq; Type: SEQUENCE SET; Schema: public; Owner: spinsafelyuser
--

SELECT pg_catalog.setval('public.auth_user_id_seq', 3, true);


--
-- Name: auth_user_user_permissions_id_seq; Type: SEQUENCE SET; Schema: public; Owner: spinsafelyuser
--

SELECT pg_catalog.setval('public.auth_user_user_permissions_id_seq', 1, false);


--
-- Name: casinoaffiliate_app_adminreview_id_seq; Type: SEQUENCE SET; Schema: public; Owner: spinsafelyuser
--

SELECT pg_catalog.setval('public.casinoaffiliate_app_adminreview_id_seq', 9, true);


--
-- Name: casinoaffiliate_app_bonus_id_seq; Type: SEQUENCE SET; Schema: public; Owner: spinsafelyuser
--

SELECT pg_catalog.setval('public.casinoaffiliate_app_bonus_id_seq', 9, true);


--
-- Name: casinoaffiliate_app_casino_id_seq; Type: SEQUENCE SET; Schema: public; Owner: spinsafelyuser
--

SELECT pg_catalog.setval('public.casinoaffiliate_app_casino_id_seq', 9, true);


--
-- Name: django_admin_log_id_seq; Type: SEQUENCE SET; Schema: public; Owner: spinsafelyuser
--

SELECT pg_catalog.setval('public.django_admin_log_id_seq', 98, true);


--
-- Name: django_content_type_id_seq; Type: SEQUENCE SET; Schema: public; Owner: spinsafelyuser
--

SELECT pg_catalog.setval('public.django_content_type_id_seq', 9, true);


--
-- Name: django_migrations_id_seq; Type: SEQUENCE SET; Schema: public; Owner: spinsafelyuser
--

SELECT pg_catalog.setval('public.django_migrations_id_seq', 27, true);


--
-- Name: auth_group auth_group_name_key; Type: CONSTRAINT; Schema: public; Owner: spinsafelyuser
--

ALTER TABLE ONLY public.auth_group
    ADD CONSTRAINT auth_group_name_key UNIQUE (name);


--
-- Name: auth_group_permissions auth_group_permissions_group_id_permission_id_0cd325b0_uniq; Type: CONSTRAINT; Schema: public; Owner: spinsafelyuser
--

ALTER TABLE ONLY public.auth_group_permissions
    ADD CONSTRAINT auth_group_permissions_group_id_permission_id_0cd325b0_uniq UNIQUE (group_id, permission_id);


--
-- Name: auth_group_permissions auth_group_permissions_pkey; Type: CONSTRAINT; Schema: public; Owner: spinsafelyuser
--

ALTER TABLE ONLY public.auth_group_permissions
    ADD CONSTRAINT auth_group_permissions_pkey PRIMARY KEY (id);


--
-- Name: auth_group auth_group_pkey; Type: CONSTRAINT; Schema: public; Owner: spinsafelyuser
--

ALTER TABLE ONLY public.auth_group
    ADD CONSTRAINT auth_group_pkey PRIMARY KEY (id);


--
-- Name: auth_permission auth_permission_content_type_id_codename_01ab375a_uniq; Type: CONSTRAINT; Schema: public; Owner: spinsafelyuser
--

ALTER TABLE ONLY public.auth_permission
    ADD CONSTRAINT auth_permission_content_type_id_codename_01ab375a_uniq UNIQUE (content_type_id, codename);


--
-- Name: auth_permission auth_permission_pkey; Type: CONSTRAINT; Schema: public; Owner: spinsafelyuser
--

ALTER TABLE ONLY public.auth_permission
    ADD CONSTRAINT auth_permission_pkey PRIMARY KEY (id);


--
-- Name: auth_user_groups auth_user_groups_pkey; Type: CONSTRAINT; Schema: public; Owner: spinsafelyuser
--

ALTER TABLE ONLY public.auth_user_groups
    ADD CONSTRAINT auth_user_groups_pkey PRIMARY KEY (id);


--
-- Name: auth_user_groups auth_user_groups_user_id_group_id_94350c0c_uniq; Type: CONSTRAINT; Schema: public; Owner: spinsafelyuser
--

ALTER TABLE ONLY public.auth_user_groups
    ADD CONSTRAINT auth_user_groups_user_id_group_id_94350c0c_uniq UNIQUE (user_id, group_id);


--
-- Name: auth_user auth_user_pkey; Type: CONSTRAINT; Schema: public; Owner: spinsafelyuser
--

ALTER TABLE ONLY public.auth_user
    ADD CONSTRAINT auth_user_pkey PRIMARY KEY (id);


--
-- Name: auth_user_user_permissions auth_user_user_permissions_pkey; Type: CONSTRAINT; Schema: public; Owner: spinsafelyuser
--

ALTER TABLE ONLY public.auth_user_user_permissions
    ADD CONSTRAINT auth_user_user_permissions_pkey PRIMARY KEY (id);


--
-- Name: auth_user_user_permissions auth_user_user_permissions_user_id_permission_id_14a6b632_uniq; Type: CONSTRAINT; Schema: public; Owner: spinsafelyuser
--

ALTER TABLE ONLY public.auth_user_user_permissions
    ADD CONSTRAINT auth_user_user_permissions_user_id_permission_id_14a6b632_uniq UNIQUE (user_id, permission_id);


--
-- Name: auth_user auth_user_username_key; Type: CONSTRAINT; Schema: public; Owner: spinsafelyuser
--

ALTER TABLE ONLY public.auth_user
    ADD CONSTRAINT auth_user_username_key UNIQUE (username);


--
-- Name: casinoaffiliate_app_adminreview casinoaffiliate_app_adminreview_pkey; Type: CONSTRAINT; Schema: public; Owner: spinsafelyuser
--

ALTER TABLE ONLY public.casinoaffiliate_app_adminreview
    ADD CONSTRAINT casinoaffiliate_app_adminreview_pkey PRIMARY KEY (id);


--
-- Name: casinoaffiliate_app_bonus casinoaffiliate_app_bonus_pkey; Type: CONSTRAINT; Schema: public; Owner: spinsafelyuser
--

ALTER TABLE ONLY public.casinoaffiliate_app_bonus
    ADD CONSTRAINT casinoaffiliate_app_bonus_pkey PRIMARY KEY (id);


--
-- Name: casinoaffiliate_app_casino casinoaffiliate_app_casino_pkey; Type: CONSTRAINT; Schema: public; Owner: spinsafelyuser
--

ALTER TABLE ONLY public.casinoaffiliate_app_casino
    ADD CONSTRAINT casinoaffiliate_app_casino_pkey PRIMARY KEY (id);


--
-- Name: casinoaffiliate_app_casino casinoaffiliate_app_casino_slug_c07354bf_uniq; Type: CONSTRAINT; Schema: public; Owner: spinsafelyuser
--

ALTER TABLE ONLY public.casinoaffiliate_app_casino
    ADD CONSTRAINT casinoaffiliate_app_casino_slug_c07354bf_uniq UNIQUE (slug);


--
-- Name: django_admin_log django_admin_log_pkey; Type: CONSTRAINT; Schema: public; Owner: spinsafelyuser
--

ALTER TABLE ONLY public.django_admin_log
    ADD CONSTRAINT django_admin_log_pkey PRIMARY KEY (id);


--
-- Name: django_content_type django_content_type_app_label_model_76bd3d3b_uniq; Type: CONSTRAINT; Schema: public; Owner: spinsafelyuser
--

ALTER TABLE ONLY public.django_content_type
    ADD CONSTRAINT django_content_type_app_label_model_76bd3d3b_uniq UNIQUE (app_label, model);


--
-- Name: django_content_type django_content_type_pkey; Type: CONSTRAINT; Schema: public; Owner: spinsafelyuser
--

ALTER TABLE ONLY public.django_content_type
    ADD CONSTRAINT django_content_type_pkey PRIMARY KEY (id);


--
-- Name: django_migrations django_migrations_pkey; Type: CONSTRAINT; Schema: public; Owner: spinsafelyuser
--

ALTER TABLE ONLY public.django_migrations
    ADD CONSTRAINT django_migrations_pkey PRIMARY KEY (id);


--
-- Name: django_session django_session_pkey; Type: CONSTRAINT; Schema: public; Owner: spinsafelyuser
--

ALTER TABLE ONLY public.django_session
    ADD CONSTRAINT django_session_pkey PRIMARY KEY (session_key);


--
-- Name: auth_group_name_a6ea08ec_like; Type: INDEX; Schema: public; Owner: spinsafelyuser
--

CREATE INDEX auth_group_name_a6ea08ec_like ON public.auth_group USING btree (name varchar_pattern_ops);


--
-- Name: auth_group_permissions_group_id_b120cbf9; Type: INDEX; Schema: public; Owner: spinsafelyuser
--

CREATE INDEX auth_group_permissions_group_id_b120cbf9 ON public.auth_group_permissions USING btree (group_id);


--
-- Name: auth_group_permissions_permission_id_84c5c92e; Type: INDEX; Schema: public; Owner: spinsafelyuser
--

CREATE INDEX auth_group_permissions_permission_id_84c5c92e ON public.auth_group_permissions USING btree (permission_id);


--
-- Name: auth_permission_content_type_id_2f476e4b; Type: INDEX; Schema: public; Owner: spinsafelyuser
--

CREATE INDEX auth_permission_content_type_id_2f476e4b ON public.auth_permission USING btree (content_type_id);


--
-- Name: auth_user_groups_group_id_97559544; Type: INDEX; Schema: public; Owner: spinsafelyuser
--

CREATE INDEX auth_user_groups_group_id_97559544 ON public.auth_user_groups USING btree (group_id);


--
-- Name: auth_user_groups_user_id_6a12ed8b; Type: INDEX; Schema: public; Owner: spinsafelyuser
--

CREATE INDEX auth_user_groups_user_id_6a12ed8b ON public.auth_user_groups USING btree (user_id);


--
-- Name: auth_user_user_permissions_permission_id_1fbb5f2c; Type: INDEX; Schema: public; Owner: spinsafelyuser
--

CREATE INDEX auth_user_user_permissions_permission_id_1fbb5f2c ON public.auth_user_user_permissions USING btree (permission_id);


--
-- Name: auth_user_user_permissions_user_id_a95ead1b; Type: INDEX; Schema: public; Owner: spinsafelyuser
--

CREATE INDEX auth_user_user_permissions_user_id_a95ead1b ON public.auth_user_user_permissions USING btree (user_id);


--
-- Name: auth_user_username_6821ab7c_like; Type: INDEX; Schema: public; Owner: spinsafelyuser
--

CREATE INDEX auth_user_username_6821ab7c_like ON public.auth_user USING btree (username varchar_pattern_ops);


--
-- Name: casinoaffiliate_app_adminreview_casino_id_7c61c6bb; Type: INDEX; Schema: public; Owner: spinsafelyuser
--

CREATE INDEX casinoaffiliate_app_adminreview_casino_id_7c61c6bb ON public.casinoaffiliate_app_adminreview USING btree (casino_id);


--
-- Name: casinoaffiliate_app_bonus_casino_id_78d65824; Type: INDEX; Schema: public; Owner: spinsafelyuser
--

CREATE INDEX casinoaffiliate_app_bonus_casino_id_78d65824 ON public.casinoaffiliate_app_bonus USING btree (casino_id);


--
-- Name: casinoaffiliate_app_casino_slug_c07354bf_like; Type: INDEX; Schema: public; Owner: spinsafelyuser
--

CREATE INDEX casinoaffiliate_app_casino_slug_c07354bf_like ON public.casinoaffiliate_app_casino USING btree (slug varchar_pattern_ops);


--
-- Name: django_admin_log_content_type_id_c4bce8eb; Type: INDEX; Schema: public; Owner: spinsafelyuser
--

CREATE INDEX django_admin_log_content_type_id_c4bce8eb ON public.django_admin_log USING btree (content_type_id);


--
-- Name: django_admin_log_user_id_c564eba6; Type: INDEX; Schema: public; Owner: spinsafelyuser
--

CREATE INDEX django_admin_log_user_id_c564eba6 ON public.django_admin_log USING btree (user_id);


--
-- Name: django_session_expire_date_a5c62663; Type: INDEX; Schema: public; Owner: spinsafelyuser
--

CREATE INDEX django_session_expire_date_a5c62663 ON public.django_session USING btree (expire_date);


--
-- Name: django_session_session_key_c0390e0f_like; Type: INDEX; Schema: public; Owner: spinsafelyuser
--

CREATE INDEX django_session_session_key_c0390e0f_like ON public.django_session USING btree (session_key varchar_pattern_ops);


--
-- Name: auth_group_permissions auth_group_permissio_permission_id_84c5c92e_fk_auth_perm; Type: FK CONSTRAINT; Schema: public; Owner: spinsafelyuser
--

ALTER TABLE ONLY public.auth_group_permissions
    ADD CONSTRAINT auth_group_permissio_permission_id_84c5c92e_fk_auth_perm FOREIGN KEY (permission_id) REFERENCES public.auth_permission(id) DEFERRABLE INITIALLY DEFERRED;


--
-- Name: auth_group_permissions auth_group_permissions_group_id_b120cbf9_fk_auth_group_id; Type: FK CONSTRAINT; Schema: public; Owner: spinsafelyuser
--

ALTER TABLE ONLY public.auth_group_permissions
    ADD CONSTRAINT auth_group_permissions_group_id_b120cbf9_fk_auth_group_id FOREIGN KEY (group_id) REFERENCES public.auth_group(id) DEFERRABLE INITIALLY DEFERRED;


--
-- Name: auth_permission auth_permission_content_type_id_2f476e4b_fk_django_co; Type: FK CONSTRAINT; Schema: public; Owner: spinsafelyuser
--

ALTER TABLE ONLY public.auth_permission
    ADD CONSTRAINT auth_permission_content_type_id_2f476e4b_fk_django_co FOREIGN KEY (content_type_id) REFERENCES public.django_content_type(id) DEFERRABLE INITIALLY DEFERRED;


--
-- Name: auth_user_groups auth_user_groups_group_id_97559544_fk_auth_group_id; Type: FK CONSTRAINT; Schema: public; Owner: spinsafelyuser
--

ALTER TABLE ONLY public.auth_user_groups
    ADD CONSTRAINT auth_user_groups_group_id_97559544_fk_auth_group_id FOREIGN KEY (group_id) REFERENCES public.auth_group(id) DEFERRABLE INITIALLY DEFERRED;


--
-- Name: auth_user_groups auth_user_groups_user_id_6a12ed8b_fk_auth_user_id; Type: FK CONSTRAINT; Schema: public; Owner: spinsafelyuser
--

ALTER TABLE ONLY public.auth_user_groups
    ADD CONSTRAINT auth_user_groups_user_id_6a12ed8b_fk_auth_user_id FOREIGN KEY (user_id) REFERENCES public.auth_user(id) DEFERRABLE INITIALLY DEFERRED;


--
-- Name: auth_user_user_permissions auth_user_user_permi_permission_id_1fbb5f2c_fk_auth_perm; Type: FK CONSTRAINT; Schema: public; Owner: spinsafelyuser
--

ALTER TABLE ONLY public.auth_user_user_permissions
    ADD CONSTRAINT auth_user_user_permi_permission_id_1fbb5f2c_fk_auth_perm FOREIGN KEY (permission_id) REFERENCES public.auth_permission(id) DEFERRABLE INITIALLY DEFERRED;


--
-- Name: auth_user_user_permissions auth_user_user_permissions_user_id_a95ead1b_fk_auth_user_id; Type: FK CONSTRAINT; Schema: public; Owner: spinsafelyuser
--

ALTER TABLE ONLY public.auth_user_user_permissions
    ADD CONSTRAINT auth_user_user_permissions_user_id_a95ead1b_fk_auth_user_id FOREIGN KEY (user_id) REFERENCES public.auth_user(id) DEFERRABLE INITIALLY DEFERRED;


--
-- Name: casinoaffiliate_app_bonus casinoaffiliate_app__casino_id_78d65824_fk_casinoaff; Type: FK CONSTRAINT; Schema: public; Owner: spinsafelyuser
--

ALTER TABLE ONLY public.casinoaffiliate_app_bonus
    ADD CONSTRAINT casinoaffiliate_app__casino_id_78d65824_fk_casinoaff FOREIGN KEY (casino_id) REFERENCES public.casinoaffiliate_app_casino(id) DEFERRABLE INITIALLY DEFERRED;


--
-- Name: casinoaffiliate_app_adminreview casinoaffiliate_app__casino_id_7c61c6bb_fk_casinoaff; Type: FK CONSTRAINT; Schema: public; Owner: spinsafelyuser
--

ALTER TABLE ONLY public.casinoaffiliate_app_adminreview
    ADD CONSTRAINT casinoaffiliate_app__casino_id_7c61c6bb_fk_casinoaff FOREIGN KEY (casino_id) REFERENCES public.casinoaffiliate_app_casino(id) DEFERRABLE INITIALLY DEFERRED;


--
-- Name: django_admin_log django_admin_log_content_type_id_c4bce8eb_fk_django_co; Type: FK CONSTRAINT; Schema: public; Owner: spinsafelyuser
--

ALTER TABLE ONLY public.django_admin_log
    ADD CONSTRAINT django_admin_log_content_type_id_c4bce8eb_fk_django_co FOREIGN KEY (content_type_id) REFERENCES public.django_content_type(id) DEFERRABLE INITIALLY DEFERRED;


--
-- Name: django_admin_log django_admin_log_user_id_c564eba6_fk_auth_user_id; Type: FK CONSTRAINT; Schema: public; Owner: spinsafelyuser
--

ALTER TABLE ONLY public.django_admin_log
    ADD CONSTRAINT django_admin_log_user_id_c564eba6_fk_auth_user_id FOREIGN KEY (user_id) REFERENCES public.auth_user(id) DEFERRABLE INITIALLY DEFERRED;


--
-- PostgreSQL database dump complete
--

